68964249,Ashlee,Vilhelmina,Hasley,88,61,92,85,24,59
82727620,Tybalt,Brocky,Pinnigar,67,87,84,5,32,45
38102834,Ysabel,Martelle,Matthewson,86,62,67,89,17,58
65387243,Errick,Kamila,Blade,77,64,87,55,79,81
82915966,Gottfried,Betsey,Sampson,87,23,99,85,25,98
29437613,Tomaso,Maire,Torns,69,74,58,64,42,37
61783350,Ker,Adair,Burbank,59,85,93,76,43,43
19822121,Jinny,Pru,Bocking,92,74,59,40,69,69
50461812,Kennedy,Godfree,Mallan,69,54,84,78,69,87
31155047,Janeva,Noel,Wignall,71,93,87,30,47,93
99355144,Pier,Quentin,Dobrovolny,65,82,85,49,46,34
81438695,Mozelle,Claiborne,,62,49,58,57,51,59
20572125,Lea,Bank,Stabbins,68,37,79,56,67,59
98798166,Mattie,Prentice,Dodwell,100,89,97,37,43,21
20293954,Freddie,Sorcha,Oganesian,96,77,63,53,67,74
93167883,Fawne,Bertie,Croxon,71,65,33,30,31,100
72077430,Dehlia,Johna,Rainforth,41,100,76,49,23,13
76746659,Lars,Clari,Costigan,45,100,71,15,48,41
20234022,Wilden,Ashlen,Vahey,82,41,66,38,36,62
34716509,Katleen,Lilith,Giffen,55,100,68,42,55,82
81437296,Jack,Lauraine,,47,76,100,12,62,61
50210322,Rozina,Ronald,Phelan,72,58,81,93,74,80
50375430,Gherardo,Jenine,,88,51,80,87,68,22
64596497,Davin,Horatius,Maudlin,59,72,61,38,63,68
40645308,Gal,Maure,,60,75,80,19,30,70
82062536,Port,Isidore,Mc Curlye,84,100,58,41,0,93
49799517,Tamarra,Pennie,,65,76,70,47,10,80
26777943,Pattin,Naomi,Stedell,92,77,85,33,34,87
14883506,Ottilie,Gretta,Glisane,63,60,31,11,19,74
70252259,Claiborne,Tessa,Schimank,55,66,81,41,33,42
57469205,Griz,Monti,Tenbrug,100,89,84,58,22,76
98534892,Myrta,Joe,Humphrys,87,87,79,57,81,40
60925352,Tonya,Amory,Maceur,87,92,100,21,60,44
92300157,Orelie,Bellina,Dunsmuir,100,48,100,60,56,57
34170917,Artair,Fredericka,Pizzey,56,58,99,19,85,88
55235730,Minette,Chalmers,Brader,60,75,93,51,38,73
89334584,Doralin,Hobard,,100,61,80,38,61,95
46042103,Burke,Josefina,Gurnell,93,61,87,43,39,49
51004999,Rhetta,Robin,Eassom,59,100,72,33,59,68
75477515,Dietrich,Germaine,McGlone,80,91,49,58,47,77
95218243,Jay,Darrick,Brasier,44,55,70,41,34,73
41958059,Frederik,Cordell,,61,77,43,36,47,58
23212844,Rayner,Linus,Ragbourn,92,54,93,62,80,77
69859176,Doug,Silas,Deaville,67,67,90,25,45,65
98368698,Torey,Lucita,Erswell,61,47,72,33,54,73
50832982,Sib,Alfie,Musla,37,16,86,20,17,33
54031652,Giorgio,Fonsie,,69,81,52,47,40,62
81987719,Horst,Theo,,88,59,78,35,59,53
90111605,Bank,Fields,,77,50,52,18,55,37
99710155,Dilly,Guendolen,Munn,100,83,75,89,24,59
